가게,商店,에 가다,명사,
가격,價格,이 비싸다,명사,
가구,傢俱,책상,명사,
가깝다,近,거리가,형용사,
가끔,有時候,가끔 보다,부사,
가늘다,纖細,손가락이,형용사,
가다,去,학교에,동사,
가득,滿,가득 담다,부사,
가르치다,教導,한국어를,동사,
가리키다,指出,손가락으로,동사,
가방,手袋,을 메다,명사,
가볍다,輕,짐이,형용사,
가수,歌手,직업,명사,
가슴,胸部,신체,명사,
가요,歌曲,를 부르다,명사,
가운데,中央,가운데 자리,명사,
가위,剪刀,로 자르다,명사,
가을,秋天,계절,명사,
가장,最,가장 빠르다,부사,
가져가다,帶走,집에,동사,
가져오다,拿來,학교로,동사,
가족,家庭,식구,명사,
가지,種,몇,의존명사,
가지다,擁有,돈을,동사,
각각,分別,각각 다르다,부사/명사,
간단하다,簡單,간단한 설명,형용사,
간단히,簡單地,간단히 끝내다,부사,
간식,點心,을 먹다,명사,
간장,醬油,을 넣다,명사,
간호사,護士,로 일하다,명사,
갈비,排骨,를 먹다,명사,
갈비탕,排骨湯,을 먹다,명사,
갈색,棕色,색깔,명사,
갈아입다,換衣服,옷을,동사,
갈아타다,換乘,기차를,동사,
감,柿子,과일,명사,
감기,感冒,에 걸리다,명사,
감기약,感冒藥,을 먹다,명사,
감다,閉,눈을,동사,
감다,洗,머리를,동사,
감사,感謝,감사 인사,명사,
감자,馬鈴薯,채소,명사,
갑자기,突然,갑자기 나타나다,부사,
값,價,을 깎다,명사,
강,江,을 건너다,명사,
강아지,小狗,를 키우다,명사,
강하다,強,힘이,형용사,
갖다,擁有,돈을,동사,
같다,相同,서로 같다,형용사,
같이,一起,같이 살다,부사,
갚다,償還,돈을,동사,
개,狗,동물,명사,
개,個,한 개,의존명사,
개월,個月,삼 개월,의존명사,
거,事,것,의존명사,
거기,那裡,거기에 있다,대명사,
거리,街道,로 나가다,명사,
거리,距離,가 가깝다,명사,
거실,客廳,집,명사,
거울,鏡子,을 보다,명사,
거의,幾乎,거의 없다,부사/명사,
거절,拒絕,을 하다,명사,
거짓말,謊言,을 하다,명사,
걱정,擔心,이 되다,명사,
건강,健康,이 나빠지다,명사,
건너가다,穿過,길을,동사,
건너다,橫越,길을,동사,
건너편,對面,으로 가다,명사,
건물,建築物,을 짓다,명사,
걷다,走,길을,동사,
걸다,掛,그림을,동사,
걸리다,掛,그림이,동사,
걸어가다,走路,학교에,동사,
걸어오다,走過來,집에,동사,
걸음,步伐,이 느리다,명사,
검사,檢查,숙제 검사,명사,
검은색,黑色,색깔,명사,
검정,黑色,색깔,명사,
것,東西,먹을 것,의존명사,
겉,外,안과 겉,명사,
게으르다,懶惰的,사람이,형용사,
게임,遊戲,컴퓨터 게임,명사,
겨울,冬天,계절,명사,
결과,結果,가 나오다,명사,
결석,缺席,을 하다,명사,
결심,決定,을 하다,명사,
결정,裁決,을 내리다,명사,
결혼,婚姻,을 하다,명사,
결혼식,婚禮,을 올리다,명사,
경기,比賽,를 보다,명사,
경찰,警察,경찰 조사(기관),명사,
경찰서,警察局,에 신고하다,명사,
경치,風景,가 좋다,명사,
경험,經驗,을 쌓다,명사,
계단,階梯,을 오르다,명사,
계란,蛋,을 먹다,명사,
계산,計算,이 정확하다,명사,
계속,持續,계속 달리다,부사/명사,
계시다,在/住,한국에,동사,
계절,季節,이 바뀌다,명사,
계획,計畫,을 세우다,명사,
고개,頭,를 들다,명사,
고기,肉,를 먹다,명사,
고등학교,高中,에 입학하다,명사,
고등학생,高中生,이 되다,명사,
고르다,選擇,선물을,동사,
고맙다,感激的,마음이,형용사,
고모,姑媽,친척,명사,
고민,煩惱,을 나누다,명사,
고속버스,客運巴士,를 타다,명사,
고양이,貓,를 기르다,명사,
고장,故障,이 나다,명사,
고추장,辣椒醬,을 넣다,명사,
고치다,修理,컴퓨터를,동사,
고프다,餓了,배가,형용사,
고향,故鄉,에 가다,명사,
곧,馬上,곧 가다,부사,
곳,地方,어느 곳,명사,
공,球,을 굴리다,명사,
공무원,公務員,으로 일하다,명사,
공부,學習,를 하다,명사,
공원,公園,에서 놀다,명사,
공장,工廠,에서 일하다,명사,
공짜,免費,로 주다,명사,
공책,筆記本,에 쓰다,명사,
공항,機場,공항 터미널,명사,
공휴일,公共假日,로 정하다,명사,
과거,過去,를 잊다,명사,
과일,水果,을 깎다,명사,
과자,點心,를 먹다,명사,
관계,關係,를 맺다,명사,
관광,觀光,국내 관광,명사,
관광객,觀光客,외국인 관광객,명사,
관광지,旅遊景點,국내 관광지,명사,
관심,興趣,을 가지다,명사,
광고,廣告,신문 광고,명사,
광주,光州,지명,명사,
괜찮다,不錯,성격이,형용사,
괴로워하다,受苦,통증으로,동사,
교과서,教科書,에서 배우다,명사,
교사,教師,수학 교사,명사,
교수,教授,대학 교수,명사,
교실,教室,에 들어가다,명사,
교육,教育,을 받다,명사,
교통,交通,교통 수단,명사,
교통비,交通費,가 들다,명사,
교통사고,交通事故,가 나다,명사,
교환,換,을 하다,명사,
교회,教堂,기독교,명사,
구,九,숫자,수사/관형사,
구경,觀光,을 다니다,명사,
구두,皮鞋,를 신다,명사,
구름,雲,이 끼다,명사,
구십,九十,구십 살,수사/관형사,
구월,九月,달(월),명사,
국,湯,을 끓이다,명사,
국내,國內,국내 여행,명사,
국수,麵條,를 먹다,명사,
국적,國籍,대한민국 국적,명사,
국제,國際,국제 관계,명사,
군인,士兵,직업 군인,명사,
굳다,硬,땅이,동사/형용사,
굵다,粗,손가락이,형용사,
굽다,烤,고기를,동사,
궁금하다,我很好奇,소식이,형용사,
권,冊,책 한 권,의존명사,
귀,耳,로 듣다,명사,
귀걸이,耳環,를  달다,명사,
귀여워하다,喜歡,강아지를,동사,
귀엽다,可愛,얼굴이,형용사,
귀찮다,麻煩,일이,형용사,
규칙,規則,을 어기다,명사,
귤,橘子,을 까다,명사,
그,他,그 사람,관형사/대명사,
그거,那個,그것,대명사,
그것,它,−,대명사,
그곳,那裡,에 가다,대명사,
그날,那天,그날 일,명사,
그냥,只是,그냥 가다,부사,
그대로,原樣,그대로 두다,부사,
그동안,這段時間,그동안 잘 지내다,명사,
그때,那時,그때 그시절,명사,
그래,對,대답,감탄사,
그래서,所以,−,부사,
그러나,但是,−,부사,
그러니까,所以,−,부사,
그러면,那麼,−,부사,
그러므로,因此,−,부사,
그런,那種,그런 사람,관형사,
그런데,但是,−,부사,
그럼,那麼,그러면,부사,
그럼,當然,"그럼, 당연하지",감탄사,
그렇다,是這樣子的,사정이,형용사,
그렇지만,但是,−,부사,
그릇,碗,에 담다,명사,
그리고,並且,−,부사,
그리다,畫,그림을,동사,
그림,圖畫,을 그리다,명사,
그립다,思念,가족이,형용사,
그만,夠了,그만 먹다,부사,
그만두다,辭掉,학교를,동사,
그분,那位,을 만나다,대명사,
그저께,前天,그저께 밤,부사/명사,
그쪽,那邊,으로 가다,대명사,
그치다,停止,비가,동사,
극장,劇院,에서 상영하다,명사,
근처,近處,집 근처,명사,
글,文章,을 쓰다,명사,
글쎄,嗯，不知道,"글쎄, 잘 몰라요",감탄사,
글쎄요,這個嘛,글쎄요. 몰라요.,감탄사,
글씨,手寫字,를 쓰다,명사,
글자,字符,를 쓰다,명사,
금방,馬上,방금,부사,
금요일,星期五,요일,명사,
금지,禁止,통행 금지,명사,
급하다,緊急,사정이,형용사,
기간,期間,이 지나다,명사,
기다리다,等待,버스를,동사,
기르다,養,개를,동사,
기름,油,에 튀기다,명사,
기말시험,期末考試,을 보다,명사,
기분,心情,이 좋다,명사,
기뻐하다,歡喜,졸업을,동사,
기쁘다,高興,마음이,형용사,
기쁨,喜悅,을 나누다,명사,
기숙사,宿舍,에서 살다,명사,
기억,記得,이 나다,명사,
기억나다,記住,이름이,동사,
기온,氣溫,이 높다,명사,
기자,記者,신문 기자,명사,
기차,火車,를 타다,명사,
기차역,火車站,에 도착하다,명사,
기차표,火車票,를 끊다,명사,
기침,咳嗽,이 나다,명사,
기타,吉他,를 치다,명사,
기회,機會,를 놓치다,명사,
긴장,緊張,을 풀다,명사,
길,路,이 막히다,명사,
길다,長,다리가,형용사,
길이,長度,를 재다,명사,
김,紫菜,을 먹다,명사,
김밥,紫菜包飯,을 싸다,명사,
김치,辛奇,를 담그다,명사,
김치찌개,泡菜湯,를 끓이다,명사,
깊다,深,바다가,형용사,
깊이,深入,깊이 묻다,부사,
까만색,黑色,색깔,명사,
까맣다,漆黑的,밤하늘이,형용사,
깎다,削,사과를,동사,
깜짝,猛地,깜짝 놀라다,부사,
깨끗이,乾淨地,깨끗이 씻다,부사,
깨끗하다,乾淨,옷이 ,형용사,
깨다,醒來,잠이,동사,
꺼내다,取出,가방에서,동사,
껌,口香糖,을 씹다,명사,
꼭,務必,꼭 필요하다,부사,
꽃,花,이 피다,명사,
꽃다발,花束,을 선물하다,명사,
꽃병,花瓶,을 깨뜨리다,명사,
꽃집,花店,을 열다,명사,
꾸다,做夢,꿈을,동사,
꿈,夢,을 꾸다,명사,
끄다,熄滅,불을,동사,
끊다,戒,담배를,동사,
끓다,煮,물이,동사,
끓이다,煮沸,물을,동사,
끝,結束,시작,명사,
끝나다,結束,수업이,동사,
끝내다,完成,일을,동사,
끼다,戴,반지를,동사,
나,我,나와 너,대명사/명사,
나가다,出去,밖으로,동사,
나누다,分開,둘로,동사,
나다,出,수염이,동사,
나라,國家,우리 나라,명사,
나머지,剩錢,나머지 돈,명사,
나무,樹,를 심다,명사,
나쁘다,壞,공기가,형용사,
나오다,出來,밖에,동사,
나이,年齡,가 많다,명사,
나중,之後,에 깨닫다,명사,
나타나다,出現,건물이,동사,
나흘,四天,이 걸리다,명사,
낚시,釣魚,를 가다,명사,
날,日,마지막 날,명사/의존명사,
날다,飛,새가,동사,
날씨,天氣,가 좋다,명사,
날씬하다,苗條,몸매가,형용사,
날아다니다,飛,나비가,동사,
날짜,日期,를 정하다,명사,
남,男,타인,명사,
남기다,剩下,음식을,동사,
남녀,男女,남녀 평등,명사,
남다,剩下,시간이,동사,
남대문,南大門,고적,명사,
남동생,弟弟,을 돌보다,명사,
남산,南山,지명,명사,
남성,男性,여성,명사,
남자,男人,여자,명사,
남쪽,南方,북쪽,명사,
남편,丈夫,아내,명사,
남학생,男學生,여학생,명사,
낫다,痊癒,병이,동사,
낫다,更好,더 낫다,형용사,
낮,白天,밤,명사,
낮다,低,산이,형용사,
낮잠,午睡,을 자다,명사,
내,我,내가,대명사,
내과,內科,병원,명사,
내년,明年,내년 여름,명사,
내다,出,문제를,동사,
내려가다,下降,아래로,동사,
내려오다,下來,아래로,동사,
내리다,下,비가,동사,
내용,內容,수업 내용,명사,
내일,明天,로 미루다,명사/부사,
냄비,鍋,에 끓이다,명사,
냄새,氣味,를 맡다,명사,
냉면,冷麵,을 먹다,명사,
냉장고,冰箱,에 넣다,명사,
너,你,나,대명사,
너무,太,너무 심하다,부사,
너희,你們,너희 가족,대명사,
넓다,寬闊,집이,형용사,
넘다,超過,세 시간이,동사,
넘어지다,摔倒,자전거가,동사,
넣다,插入,책을,동사,
네,你,네가,대명사,
네,四,숫자(4),관형사,
네,是的,대답,감탄사,
넥타이,領帶,를 매다,명사,
넷,四,숫자,수사,
넷째,第四,넷째 시간,수사·관형사/명사,
년,年,2015년,의존명사,
노란색,黃色,색깔,명사,
노랗다,黃色,병아리가,형용사,
노래,歌曲,를 부르다,명사,
노래방,卡拉 OK 房,에 가다,명사,
노력,努力,을 하다,명사,
노인,老人,을 공경하다,명사,
노트,筆記,에 쓰다,명사,
녹색,綠色,색깔,명사,
녹차,綠茶,를 마시다,명사,
놀다,玩耍,친구와 놀다,동사,
놀라다,驚訝,깜짝 놀라다,동사,
놀이,玩,인형 놀이,명사,
농구,籃球,농구 경기,명사,
농담,笑話,을 주고받다,명사,
높다,高,산이,형용사,
높이,高度,가 높다,명사,
높이,高,높이 날다,부사,
놓다,放下,펜을,동사,
누구,誰,거기 누구 계세요?,대명사,
누나,姐姐,사촌 누나,명사,
누르다,按,버튼을,동사,
눈,眼睛,이 작다,명사,
눈,雪,날씨,명사,
눈물,眼淚,이 흐르다,명사,
눕다,躺下,바닥에,동사,
뉴스,新聞,를 보다,명사,
느끼다,感到,추위를,동사,
느낌,感覺,이 좋다,명사,
느리다,緩慢,걸음이,형용사,
늘,總是,늘 만나다,부사,
늘다,增加,면적이,동사,
늙다,變老,사람이,동사,
능력,能力,이 있다,명사,
늦다,遲,시계가,형용사/동사,
다,都,모두,부사/명사,
다녀오다,去過回來 ,학교에,동사,
다니다,上班,회사에,동사,
다르다,不同,모양이,형용사,
다른,其他,다른 나라,관형사,
다리,腿,가 길다,명사,
다리,橋,를 건너다,명사,
다림질,熨燙,을 하다,명사,
다섯,五,다섯 개,수사·관형사,
다섯째,第五個,다섯째 사람,수사·관형사/명사,
다시,再,다시 시작하다,부사,
다양,多樣,다양한 방법,명사,
다음,次,다음 날,명사,
다음날,隔天,에 만나다,명사,
다이어트,減肥,에 성공하다,명사,
다치다,受傷,팔을,동사,
다하다,耗盡,기력이,동사,
닦다,擦,구두를,동사,
단순,簡單,단순 노동,명사,
단어,單詞,를 외우다,명사,
단추,鈕扣,가 떨어지다,명사,
단풍,楓葉,이 들다,명사,
닫다,（使）關閉,문을,동사,
달,月,다음 달,명사/의존명사,
달걀,蛋,을 삶다,명사,
달다,甜,맛이,형용사,
달력,日曆,을 걸다,명사,
달리기,飛奔,가 빠르다,명사,
달리다,跑,빨리 달리다,동사,
닭,雞,을 키우다,명사,
닭고기,雞肉,를 볶다,명사,
닮다,像,아빠를,동사,
담배,香煙,를 피우다,명사,
답,答案,이 없다,명사,
답답하다,鬱悶,가슴이,형용사,
답장,回覆,을 보내다,명사,
대,輛,차 한 대,의존명사,
대구,大邱,에 살다,명사,
대답,答覆,을 기다리다,명사,
대부분,大部分,대부분의 시간,명사/부사,
대사관,大使館,미국 대사관,명사,
대전,大田,지명,명사,
대학,大學,에 들어가다,명사,
대학교,大學,에 입학하다,명사,
대학생,大學生,이 되다,명사,
대학원,研究所,을 다니다,명사,
대화,對話,를 나누다,명사,
대회,大會,가 열리다,명사,
댁,府上,선생님 댁,명사/대명사,
더,更,하나 더,부사,
더럽다,髒,손이,형용사,
더욱,更,더욱 좋다,부사,
덕분,託福,부모님 덕분,명사,
던지다,拋,공을,동사,
덥다,熱,날씨가,형용사,
데려가다,帶走,아이를,동사,
데려오다,帶來,친구를,동사,
데이트,約會,를 신청하다,명사,
도,度,영상 일 도,의존명사,
도로,道路,를 건너다,명사,
도서관,圖書館,에서 공부하다,명사,
도시,城市,를 건설하다,명사,
도와주다,幫助,일을,동사,
도움,幫助,을 받다,명사,
도착,抵達,도착 시간,명사,
독서,閱讀,를 하다,명사,
독일,德國,나라,명사,
돈,錢,을 벌다,명사,
돈가스,炸豬排,를 먹다,명사,
돌,石頭,을 던지다,명사,
돌다,轉動,바퀴가,동사,
돌려주다,歸還,책을,동사,
돌리다,轉動,바퀴를,동사,
돌아가다,回到,바퀴가,동사,
돌아오다,回來,학교에서,동사,
돕다,幫助,아버지를,동사,
동네,社區,동네 사람,명사,
동대문,東大門,고적,명사,
동물,動物,을 키우다,명사,
동물원,動物園,에 가다,명사,
동생,弟弟/妹妹,이 태어나다,명사,
동시,同時,에 일어나다,명사,
동안,期間,며칠 동안,명사,
동전,硬幣,백 원짜리 동전,명사,
동쪽,東方,방향,명사,
돼지,豬,를 기르다,명사,
돼지고기,豬肉,를 먹다,명사,
되다,成為,배우가,동사,
-되다,化,취소되다,접사,
된장,大醬,에 찍다,명사,
된장찌개,大醬湯,를 먹다,명사,
두,二,숫자,관형사,
두껍다,厚,책이,형용사,
두다,放置,책상 위에,동사,
두부,豆腐,를 먹다,명사,
두세,兩三個,두세 개,관형사,
두통,頭痛,을 앓다,명사,
둘,二,숫자,수사,
둘째,第二,둘째 딸,수사·관형사/명사,
뒤,後,에 있다,명사,
뒤쪽,後方,방향,명사,
드디어,終於,드디어 끝나다,부사,
드라마,電視劇,를 보다,명사,
드리다,獻上,용돈을,동사,
듣다,聽,음악을,동사,
들다,花費,돈이,동사,
들다,提/拿,가방을,동사,
들르다,繞道/順便去,서점에,동사,
들리다,聽見,소리가,동사,
들어가다,進入,방으로,동사,
들어오다,進來,학교로,동사,
등,背,신체,명사,
등산,爬山,을 가다,명사,
디자인,設計,이 예쁘다,명사,
따뜻하다,溫暖,방 안이,형용사,
따로,分開地,따로 분리하다,부사,
딸,女兒,아들,명사,
딸기,草莓,과일,명사,
땀,汗,이 나다,명사,
땅,地,에 떨어지다,명사,
때,時候,어릴 때,명사,
떠나다,離開,어디론가,동사,
떠들다,吵鬧,시끄럽게,동사,
떡,糕,음식,명사,
떡국,年糕湯,음식,명사,
떡볶이,辣炒年糕,음식,명사,
떨어지다,跌落,낭떠러지로 ,동사,
또,又,또 생기다,부사,
또는,或者,남자 또는 여자,부사,
똑같다,完全相同,모양이,형용사,
똑같이,一樣,똑같이 나누다,부사,
똑똑하다,聰明,머리가,형용사,
똑바로,直地,똑바로 가다,부사,
뚱뚱하다,肥胖,몸매가,형용사,
뛰다,跑,운동장을,동사,
뛰어가다,跑到,학교로,동사,
뜨겁다,熱,국물이,형용사,
뜨다,睜開,눈을,동사,
뜻,意義,이 어렵다,명사,
라디오,收音機,를 켜다,명사,
라면,拉麵,음식,명사,
러시아,俄羅斯,나라,명사,
레스토랑,餐廳,에서 먹다,명사,
마당,院子,이 넓다,명사,
마르다,乾燥,물기가,동사,
마리,隻,한 마리,의존명사,
마시다,喝,물을,동사,
마을,村莊,에 살다,명사,
마음,心,이 따뜻하다,명사,
마중,接,을 가다,명사,
마지막,最後,마지막 경기,명사,
마치다,完成,일을,동사,
마트,市場,에서 사다,명사,
마흔,四十,마흔 개,수사·관형사,
막걸리,米酒,를 마시다,명사,
막히다,堵塞,통로가,동사,
만,萬,숫자,수사·관형사,
만나다,（和…）相識,친구를,동사,
만두,饅頭,음식,명사,
만들다,製造,음식을,동사,
만약,萬一,만약의 경우,명사,
만일,萬一,에 대비하다,명사,
만지다,觸摸,손을,동사,
만화,漫畫,를 그리다,명사,
많다,多,돈이,형용사,
많이,很,많이 사다,부사,
말,語,을 하다,명사,
말,馬,을 타다,명사,
말,末,학기 말,의존명사,
말다,別,걱정을,동사,
말레이시아,馬來西亞,나라,명사,
말씀,沒有話,이 없다,명사,
맑다,晴朗,공기가,형용사,
맛,味道,이 달다,명사,
맛없다,不好吃,음식이,형용사,
맛있다,美味的,음식이,형용사,
맞다,正確,답이,동사,
맞추다,對答案,답을,동사,
매년,每年,매년 증가하다,명사/부사,
매다,繫,신발 끈을,동사,
매달,每個月,매달 만나다,명사/부사,
매우,非常,매우 좋다,부사,
매일,每天,매일 만나다,명사/부사,
매주,每週,매주 만나다,명사/부사,
매표소,售票處,극장 매표소,명사,
맥주,啤酒,를 마시다,명사,
맵다,辣,고추가,형용사,
머리,頭,가 크다,명사,
머리카락,頭髮,을 자르다,명사,
먹다,吃,밥을,동사,
먼저,先,먼저 가다,명사/부사,
멀다,遠,거리가,형용사,
멀리,遠,멀리 가다,부사,
멈추다,停止,피가,동사,
멋,風采,을 내다,명사,
멋있다,帥氣,옷이 ,형용사,
메뉴,選單,를 고르다,명사,
메다,背,가방을,동사,
메모,備忘錄,를 하다,명사,
메시지,留言,를 남기다,명사,
메일,電子郵件,을 쓰다,명사,
며칠,幾天,이 걸리다,명사,
명,個,한 명,의존명사,
명절,節日,을 맞다,명사,
몇,多少,몇 개,수사/관형사,
모기,蚊,에 물리다,명사,
모두,全部,모두 함께,명사/부사,
모든,所有,모든 사람,관형사,
모레,後天,시간,명사/부사,
모르다,不知道,규칙을,동사,
모습,樣貌,을 보이다,명사,
모시다,侍奉,부모님을,동사,
모양,形狀,별 모양,명사,
모으다,收集,장난감을,동사,
모이다,聚集,돈이,동사,
모임,聚會,에 나가다,명사,
모자,帽子,를 쓰다,명사,
모자라다,不足,잠이,동사,
목,脖子,이 길다,명사,
목걸이,項鍊,를 하다,명사,
목도리,圍巾,를 하다,명사,
목소리,聲音,가 크다,명사,
목요일,星期四,요일,명사,
목욕,沐浴,을 하다,명사,
목욕탕,澡堂,에서 씻다,명사,
목적,目標,을 이루다,명사,
몸,身體,이 건강하다,명사,
못,不能,못 마시다,부사,
못생기다,難看,얼굴이,형용사,
못하다,不能,노래를,동사/형용사,
몽골,蒙古,나라,명사,
무,蘿蔔,를 심다,명사,
무겁다,重,짐이,형용사,
무게,體重,가 나가다,명사,
무궁화,木槿,꽃,명사,
무료,免費,로 주다,명사,
무릎,膝,신체,명사,
무섭다,可怕,귀신이,형용사,
무슨,什麼,무슨 요일,관형사,
무엇,什麼,−,대명사,
무척,非常,무척 길다,부사,
문,門,을 열다,명사,
문제,問題,를 풀다,명사,
문화,文化,를 교류하다,명사,
묻다,問,길을,동사,
물,飲用水,을 마시다,명사,
물건,東西,을 사다,명사,
물고기,魚,를 잡다,명사,
물론,當然,물론 그렇다,명사/부사,
물어보다,問,길을,동사,
뭐,什麼,뭐라고 말하다,대명사/감탄사,
미국,美國,나라,명사,
미끄러지다,滑倒,눈길에,동사,
미래,未來,가 밝다,명사,
미리,事先,미리 알리다,부사,
미술관,美術館,국립 미술관,명사,
미안,對不起,인사,명사,
미역국,海帶湯,을 끓이다,명사,
미용실,美容院,에 가다,명사,
미터,公尺,백 미터,의존명사,
믿다,相信,약속을,동사,
밀가루,麵粉,밀가루 음식,명사,
밀다,推,문을,동사,
밑,底部,에 두다,명사,
바깥,外面,에 나가다,명사,
바깥쪽,外面,으로 나가다,명사,
바꾸다,兑换,달러를 원화로,동사,
바뀌다,換成新的,새 것으로,동사,
바나나,香蕉,과일,명사,
바다,海,를 건너다,명사,
바닥,地板,에 떨어지다,명사,
바닷가,海灘,로 나가다,명사,
바라다,希望,성공을,동사,
바라보다,望,하늘을,동사,
바람,風,이 불다,명사,
바로,開始,바로 시작하다,부사,
바르다,塗抹,로션을,동사,
바쁘다,忙碌,일이,형용사,
바이올린,小提琴,을 켜다,명사,
바지,褲子,를 입다,명사,
박물관,博物館,을 구경하다,명사,
박수,掌聲,를 치다,명사,
밖,外,안,명사,
반,半,사과 반,명사,
반,班,우리 반,명사,
반갑다,歡迎,손님이,형용사,
반대,反對,로 가다,명사,
반드시,一定,반드시 가다,부사,
반바지,短褲,를 입다,명사,
반지,戒指,를 끼다,명사,
반찬,配菜,을 먹다,명사,
받다,接收,선물을,동사,
받아쓰다,聽寫,노트에,동사,
발,腳,이 크다,명사,
발가락,腳趾,신체,명사,
발바닥,腳底,신체,명사,
밝다,亮,불빛이,동사/형용사,
밤,夜,이 깊다,명사,
밥,飯,을 하다,명사,
방,房間,이 넓다,명사,
방금,剛才,방금 가다,명사/부사,
방문,門,을 닫다,명사,
방문,訪問,고향 방문,명사,
방법,方法,사용 방법,명사,
방송,廣播,을 보다,명사,
방송국,廣播電台,라디오 방송국,명사,
방학,假期,겨울 방학,명사,
방향,方向,을 바꾸다,명사,
배,肚子,신체,명사,
배,船,를 타다,명사,
배,梨,를 먹다,명사,
배,倍,두 배,명사,
배달,外賣,을 시키다,명사,
배드민턴,羽毛球,을 치다,명사,
배우,演員,연극 배우,명사,
배우다,學習,글을,동사,
배추,大白菜,를 다듬다,명사,
배탈,腹瀉,이 나다,명사,
백,百,숫자,수사·관형사,
백만,百萬,백만 개,수사·관형사,
백화점,百貨公司,에서 사다,명사,
뱀,蛇,동물,명사,
버릇,習慣,이 되다,명사,
버리다,丟棄,휴지를,동사,
버스,巴士,를 타다,명사,
번,次,첫째 번,의존명사,
번째,第,세 번째,의존명사,
번호,號,를 매기다,명사,
벌,套,옷 한 벌,의존명사,
벌다,賺,돈을,동사,
벌써,已經,벌써 가다,부사,
벗다,脫,모자를,동사,
베트남,越南,나라,명사,
벽,牆,에 걸다,명사,
변하다,改變,모양이,동사,
변호사,律師,직업,명사,
별,星,이 빛나다,명사,
별로,不怎麼,별로 없다,부사,
병,病,에 걸리다,명사,
병,瓶,을 깨다,명사,
병문안,探病,을 가다,명사,
병원,醫院,에 가다,명사,
보내다,送,편지를,동사,
보다,看,신문을,동사,
보다,比,보다 높이,부사,
보라색,紫色,색깔,명사,
보이다,動詞,산이,동사,
보이다,被看見,사진을,동사,
보통,一般,이 넘다,명사/부사,
복습,復習,예습,명사,
복잡하다,複雜,생각이,형용사,
볶다,炒,고기를,동사,
볶음밥,炒飯,음식,명사,
볼펜,原子筆,으로 쓰다,명사,
봄,春天,계절,명사,
봉투,打開信封,를 열다,명사,
뵙다,見,어른을,동사,
부끄럽다,慚愧,부끄럽게 웃다,형용사,
부드럽다,柔軟,머릿결이,형용사,
부럽다,羨慕,다른 사람이 ,형용사,
부르다,叫,친구를,동사,
부르다,飽的,배가,형용사,
부모님,父母,께 효도하다,명사,
부부,夫婦,부부 싸움,명사,
부분,部分,으로 나누다,명사,
부산,釜山,지명,명사,
부엌,廚房,에서 요리하다,명사,
부인,太太,아내,명사,
부자,富翁,가 되다,명사,
부장,經理,으로 승진하다,명사,
부족,不足,산소 부족,명사,
부지런하다,勤勞,사람이,형용사,
부치다,寄,편지를,동사,
부탁,請求,을 받다,명사,
북쪽,北,방향,명사,
분,位,아는 분,의존명사,
분,分鐘,60분,의존명사,
분명하다,清晰,발음이,형용사,
분식,粉食,을 먹다,명사,
분위기,氣氛,어색한,명사,
분홍색,粉紅色,색깔,명사,
불,火,을 피우다,명사,
불고기,烤肉,음식,명사,
불다,吹,바람이,동사,
불쌍하다,可憐,표정이,형용사,
불안,焦慮,이 커지다,명사,
불편,不便,이 따르다,명사,
붉다,紅,색깔이,형용사,
붙다,附著,먼지가,동사,
붙이다,貼,우표를,동사,
블라우스,女裝襯衫,를 입다,명사,
비,雨,가 그치다,명사,
비교,比較,비교 대상,명사,
비누,肥皂,로 씻다,명사,
비다,空,집이,동사,
비디오,影片,비디오 두 편,명사,
비밀,秘密,을 지키다,명사,
비빔밥,韓式拌飯,음식,명사,
비슷하다,相似,성격이,형용사,
비싸다,昂貴,값이,형용사,
비행기,飛機,를 타다,명사,
빌딩,建築物,을 짓다,명사,
빌리다,借貸,돈을,동사,
빠르다,快,걸음이,형용사,
빠지다,落水,강에,동사,
빨간색,紅色,색깔,명사,
빨갛다,紅色的,사과가,형용사,
빨다,洗滌,옷을,동사,
빨래,洗衣,를 하다,명사,
빨리,快,빨리 걷다,부사,
빵,麵包,을 먹다,명사,
빵집,麵包房,에서 일하다,명사,
빼다,移除,이를,동사,
뽑다,拔出,이를,동사,
사,四,숫자,수사/관형사,
사거리,十字路口,를 건너다,명사,
사계절,四季,이 뚜렷하다,명사,
사고,事故,가 나다,명사,
사과,蘋果,과일,명사,
사귀다,交往,친구를,동사,
사다,買,물건을,동사,
사람,人,이 살다,명사,
사랑,愛情,연인 간의,명사,
사무실,辦公室,에 출근하다,명사,
사실,事實,을 밝히다,명사/부사,
사십,四十,숫자,수사/관형사,
사업,企業,사업 수완,명사,
사용,使用,을 하다,명사,
사월,四月,달(월),명사,
사이,之間,에 놓다,명사,
사이다,汽水,를 마시다,명사,
사이즈,尺寸,가 크다,명사,
사장,老闆,이 되다,명사,
사전,詞典,을 찾다,명사,
사진,照片,카메라,명사,
사탕,糖果,을 먹다,명사,
사흘,三天,시간,명사,
산,山,에 오르다,명사,
산책,散步,을 나가다,명사,
살,肉,이 찌다,명사,
살,歲,세 살,의존명사,
살다,生活,오래 ,동사,
삼,三,삼 년,수사/관형사,
삼거리,三岔路口,가 나오다,명사,
삼겹살,烤五花肉,음식,명사,
삼계탕,參雞湯,음식,명사,
삼십,三十,숫자,수사/관형사,
삼월,三月,달(월),명사,
삼촌,叔叔,친척,명사,
상,獎,을 받다,명사,
상자,箱子,에 넣다,명사,
상처,傷口,가 낫다,명사,
상추,萵苣,식물,명사,
상품,商品,을 팔다,명사,
새,鳥,동물,명사,
새,新,새 옷,관형사,
새로,新,새로 사다,부사,
새롭다,新的,기억이,형용사,
새벽,曙光,에 일어나다,명사,
새해,新年,가 다가오다,명사,
색,顏色,색깔,명사,
색깔,顏色,이 진하다,명사,
샌드위치,三明治,음식,명사,
생각,思想,에 빠지다,명사,
생각나다,想起,할 말이,동사,
생기다,建成,건물이,동사,
생선,魚,을 굽다,명사,
생신,生辰,생일,명사,
생일,生日,파티,명사,
생활,生活,직장 생활,명사,
샤워,洗澡,를 하다,명사,
서너,三四個,서너 개,관형사,
서다,站,똑바로 서다,동사,
서두르다,倉促,준비를,동사,
서랍,抽屜,을 닫다,명사,
서로,互相,서로 믿다,부사,
서류,文件,문서,명사,
서른,三十,숫자,수사·관형사,
서비스,服務,서비스 정신,명사,
서양,西方,동양,명사,
서울,首爾,도시,명사,
서점,書店,책방,명사,
서쪽,西邊,방향,명사,
섞다,混合,물을,동사,
선물,禮物,을 받다,명사,
선배,前輩,후배,명사,
선생님,老師,국어 선생님,명사,
선선하다,涼快,날씨가,형용사,
선수,球員,축구 선수,명사,
선택,選擇,을 하다,명사,
선풍기,電風扇,를 켜다,명사,
설거지,洗碗,를 하다,명사,
설날,春節,명절,명사,
설렁탕,雪濃湯,음식,명사,
설명,解釋,을 듣다,명사,
설탕,糖,을 넣다,명사,
섬,島,제주도,명사,
섭섭하다,難過,서운하다,형용사,
성,姓,김 씨,명사,
성격,個性,이 좋다,명사,
성공,成功,실패,명사,
성적,成績,을 거두다,명사,
성함,名字,을 묻다,명사,
세,三,숫자,관형사,
세,歲,삼십 세,의존명사,
세계,世界,세계 여행,명사,
세다,強,주먹이,형용사,
세배,歲拜,를 드리다,명사,
세상,世界,이 넓다,명사,
세수,洗臉,얼굴,명사,
세우다,立,자리에서,동사,
세탁,洗滌,을 하다,명사,
세탁기,洗衣機,를 돌리다,명사,
세탁소,洗衣店,에 옷을 맡기다,명사,
센터,購物中心,쇼핑 센터,명사,
센티미터,釐米,단위,의존명사,
셋,三,숫자,수사,
셋째,第三,숫자,수사·관형사/명사,
소,牛,동물,명사,
소개,介紹,직업 소개,명사,
소고기,牛肉,를 먹다,명사,
소금,鹽,이 짜다,명사,
소리,聲音,가 나다,명사,
소설,小說,고전 소설,명사,
소식,消息,을 듣다,명사,
소주,燒酒,를 마시다,명사,
소중하다,珍貴,친구가,형용사,
소파,沙發,가구,명사,
소포,包裹,우편,명사,
소풍,野餐,을 가다,명사,
소화제,消化藥,약,명사,
속,裡,주머니 속,명사,
속도,速度,가 빠르다,명사,
속옷,內衣,을 입다,명사,
손,手,신체,명사,
손가락,手指,신체,명사,
손녀,孫女,를 돌보다,명사,
손님,客人,이 없다,명사,
손바닥,手掌,신체,명사,
손수건,手帕,으로 닦다,명사,
송편,松片,음식,명사,
쇼핑,購物,을 가다,명사,
수,數,숫자,명사,
수건,毛巾,으로 닦다,명사,
수고,辛苦,를 하다,명사,
수박,西瓜,을 먹다,명사,
수술,手術,을 받다,명사,
수업,課程,을 받다,명사,
수영,游泳,을 배우다,명사,
수영복,泳衣,을 입다,명사,
수영장,游泳池,에 다니다,명사,
수요일,星期三,요일,명사,
수저,餐具,를 놓다,명사,
수첩,筆記本,에 쓰다,명사,
숙제,作業,를 하다,명사,
순두부찌개,海鮮豆腐鍋,음식,명사,
순서,順序,를 매기다,명사,
숟가락,湯匙,을 들다,명사,
술,酒,을 마시다,명사,
술집,酒吧,에서 술을 마시다,명사,
숫자,數字,를 세다,명사,
쉬다,休息,그늘에서,동사,
쉬다,呼吸,숨을,동사,
쉰,五十,숫자,수사·관형사,
쉽다,容易,문제가 ,형용사,
슈퍼마켓,超級市場,에서 사다,명사,
스무,二十,숫자,관형사,
스물,二十,숫자,수사,
스스로,自己,나 스스로,부사/명사,
스웨터,毛衣,를 입다,명사,
스카프,圍巾,를 매다,명사,
스케이트,溜冰鞋,를 신다,명사,
스키,滑雪板,를 신다,명사,
스키장,滑雪場,에서 놀다,명사,
스타,星星,인기 스타,명사,
스트레스,壓力,를 풀다,명사,
스파게티,義大利麵,음식,명사,
스포츠,體育,스포츠 경기,명사,
슬퍼하다,悲傷,이별을,동사,
슬프다,悲傷,마음이,형용사,
슬픔,悲傷,에 잠기다,명사,
습관,習慣,을 기르다,명사,
시,市,서울시,명사,
시,時,몇 시/태어난 시,명사/의존명사,
시간,時間,이 걸리다,명사/의존명사,
시간표,時間表,를 짜다,명사,
시계,時鐘,시간,명사,
시골,鄉村,에 살다,명사,
시끄럽다,吵鬧,소리가,형용사,
시내,市區,시외,명사,
시다,酸,맛이,형용사,
시민,公民,을 설득하다,명사,
시어머니,婆婆,를 모시다,명사,
시원하다,清爽,공기가,형용사,
시월,十月,달(월),명사,
시작,開始,끝,명사,
시장,市場,에 가다,명사,
시청,市政府,시청 공무원,명사,
시키다,命令,일을,동사,
시험,考試,을 보다,명사,
식구,家屬,가족,명사,
식다,變涼,국이,동사,
식당,飯館,에서 식사하다,명사,
식빵,吐司,을 먹다,명사,
식사,餐點,를 하다,명사,
식초,醋,를 넣다,명사,
식탁,飯桌,을 차리다,명사,
식품,食品,을 섭취하다,명사,
신다,穿,양말을,동사,
신랑,新郎,신부,명사,
신문,報紙,을 읽다,명사,
신발,鞋子,을 신다,명사,
신부,新娘,신랑,명사,
신분증,身份證,을 확인하다,명사,
신선하다,新鮮,과일이,형용사,
신청,申請,을 받다,명사,
신호,訊號,를 기다리다,명사,
신호등,信號燈,을 기다리다,명사,
신혼여행,蜜月,을 떠나다,명사,
싣다,載,짐을,동사,
실례,失禮,가 되다,명사,
실수,失誤,를 하다,명사,
실패,失敗,성공,명사,
싫다,討厭,일이,형용사,
싫어하다,討厭,몹시 싫어하다,동사,
심다,種植,나무를,동사,
심심하다,無聊,지루하고 심심하다,형용사,
심하다,嚴重,장난이,형용사,
십,十,숫자,수사/관형사,
십만,十萬,숫자,수사·관형사,
십이월,十二月,달(월),명사,
십일월,十一月,달(월),명사,
싱겁다,味道淡,맛이,형용사,
싸다,打包,짐을,동사,
싸다,便宜,가격이,형용사,
싸우다,打架,친구와,동사,
쌀,米,보리,명사,
쌀쌀하다,寒冷,날씨가,형용사,
쌓다,堆積,물건을,동사,
썰다,切,오이를,동사,
쓰다,寫,글자를,동사,
쓰다,戴,모자를,동사,
쓰다,使用,컴퓨터를,동사,
쓰다,苦,맛이,형용사,
쓰레기,垃圾,를 줍다,명사,
쓰레기통,垃圾桶,을 버리다,명사,
씨,先生/女士,마이클 씨,의존명사,
씹다,嚼,껌을,동사,
씻다,洗,손을,동사,
아,啊,"아, 그래요?",감탄사,
아가씨,小姐,아줌마,명사,
아기,嬰兒,가 울다,명사,
아까,剛才,아까 먹다,부사/명사,
아나운서,播音員,직업,명사,
아내,妻子,남편,명사,
아니,不,대답,감탄사,
아니다,不是,−,형용사,
아니요,不是,대답,감탄사,
아들,兒子,을 낳다,명사,
아래,下面,위치,명사,
아래쪽,下側,방향,명사,
아르바이트,打工,를 구하다,명사,
아름답다,美麗,모습이,형용사,
아마,可能,아마 -을 것이다,부사,
아무,任何,아무도/아무 데도,관형사/대명사,
아무것,任何東西,이나 괜찮다,명사,
아무리,無論,아무리 아이라고 해도,부사,
아버님,父親,가족,명사,
아버지,父親,가족,명사,
아빠,爸爸,가족,명사,
아이,兒童,어른,명사,
아이스크림,雪糕,을 먹다,명사,
아저씨,師傅,아주머니,명사,
아주,非常,아주 쉽다,부사,
아주머니,阿姨,아저씨,명사,
아줌마,阿姨,아주머니,명사,
아직,還,아직 없다,부사,
아침,早上,이 되다,명사,
아파트,公寓,에 살다,명사,
아프다,疼,다리가,형용사,
아홉,九,숫자,수사/관형사,
아흔,九十,숫자,수사/관형사,
악기,樂器,를 연주하다,명사,
안,裡,밖,명사,
안,不,안 춥다,부사,
안개,霧,가 끼다,명사,
안경,眼鏡,을 쓰다,명사,
안내,導遊,관광,명사,
안내문,通知,을 받다,명사,
안녕,你好,친구야! 안녕.,명사/감탄사,
안녕히,再見,안녕히 계세요,부사,
안다,抱,아기를,동사,
안되다,不行,공부가,동사,
안전,安全,을 지키다,명사,
안쪽,裡面,바깥쪽,명사,
앉다,坐,의자에,동사,
알다,知道,사실을,동사,
알리다,通知,사실을,동사,
알맞다,適合,크기가 ,형용사,
알아보다,查閱,정보를,동사,
앞,前,으로 나가다,명사,
앞쪽,前面,으로 향하다,명사,
애,孩子,어른,명사,
애인,愛人,연인,명사,
앨범,專輯,사진,명사,
야,喂,"야, 같이 가자",감탄사,
야구,棒球,축구,명사,
야채,蔬菜,를 먹다,명사,
약,約,약 1시간,관형사,
약,藥,을 먹다,명사,
약간,少許,약간 크다,부사/명사,
약국,藥局,에 가다,명사,
약사,藥劑師,가 되다,명사,
약속,約定,을 지키다,명사,
약하다,弱,힘이,형용사,
얇다,薄的；細的,두께가,형용사,
양말,襪子,을 신다,명사,
양복,西裝,을 입다,명사,
양식,西式,한식,명사,
양식집,西餐廳,에 가다,명사,
양치질,刷牙,을 하다,명사,
얘기,故事,를 들려주다,명사,
어,噢,"어, 이게 뭐야?",감탄사,
어깨,肩膀,신체,명사,
어느,哪個,어느 나라,관형사,
어둡다,暗的,조명이,형용사,
어디,哪裡,어디예요?,대명사,
어떠하다,如何,생각이,형용사,
어떤,哪種,어떤 느낌,관형사,
어떻다,怎麼樣,마음이,형용사,
어렵다,困難,문제가 ,형용사,
어른,大人,이 되다,명사,
어리다,年輕,나이가,형용사,
어린아이,小孩,와 놀다,명사,
어린이,兒童,사람,명사,
어머니,母親,가족,명사,
어머님,母親,가족,명사,
어서,趕快,어서 일어나,부사,
어울리다,交際,사람들과,동사,
어제,昨天,오늘,부사/명사,
어젯밤,昨晚,시간,명사,
억,億,숫자,수사·관형사,
언니,姐姐,가족,명사,
언어,語言,로 표현하다,명사,
언제,什麼時候,언제예요?,대명사/부사,
언제나,總是,언제나 함께,부사,
얻다,得到,물건을 ,동사,
얼굴,臉,신체,명사,
얼다,凍結,얼음이,동사,
얼마,多少,얼마예요?,명사,
얼마나,多少,얼마나 예쁜지,부사,
얼음,冰,이 녹다,명사,
엄마,媽媽,가족,명사,
없다,無,재미가,형용사/동사,
엉덩이,屁股,신체,명사,
에어컨,空調,을 켜다,명사,
엘리베이터,電梯,를 타다,명사,
여권,護照,을 발급하다,명사,
여기,這裡,장소,대명사,
여기저기,到處,장소,명사,
여덟,八,숫자,수사·관형사,
여동생,妹妹,가족,명사,
여든,八十,숫자,수사·관형사,
여러,多個,여러 나라,관형사,
여러분,大家,국민 여러분,대명사,
여름,夏天,계절,명사,
여보세요,喂,전화,감탄사,
여섯,六,숫자,수사·관형사,
여성,女人,남성,명사,
여자,女人,남자,명사,
여쭙다,請問,선생님께,동사,
여학생,女學生,남학생,명사,
여행,旅行,을 가다,명사,
여행사,旅行社,에서 일하다,명사,
여행지,旅遊地點,로 떠나다,명사,
역,車站,에 내리다,명사,
역사,歷史,한국의,명사,
역시,亦,나 역시,부사,
연결,連接,을 끊다,명사,
연극,戲劇,을 보다,명사,
연락,聯繫,을 주다,명사,
연락처,聯絡方式,를 남기다,명사,
연말,年終,이 되다,명사,
연세,年齡,가 드시다,명사,
연습,練習,피아노 연습,명사,
연예인,藝人,직업,명사,
연필,鉛筆,로 쓰다,명사,
연휴,連假,연휴 동안 쉬다,명사,
열,十天,숫자,수사·관형사,
열,發燒,이 나다,명사,
열다,開,문을,동사,
열리다,開,문이,동사,
열쇠,鑰匙,로 열다,명사,
열심히,努力地,열심히 공부하다,부사,
열차,火車,를 타다,명사,
열흘,十天,시간,명사,
엽서,明信片,를 보내다,명사,
영,零,숫자,명사,
영국,英國,나라,명사,
영수증,收據,을 받다,명사,
영어,英語,언어,명사,
영하,零下,로 떨어지다,명사,
영화,電影,를 보다,명사,
영화관,電影院,에 가다,명사,
영화배우,電影明星,직업,명사,
옆,旁邊,오른쪽 옆,명사,
옆집,隔壁,에 살다,명사,
예,例,대답,감탄사,
예매,預約,영화표 예매,명사,
예쁘다,漂亮,얼굴이,형용사,
예순,六十,숫자,수사·관형사,
예술,藝術,예술 작품,명사,
예습,預習,복습,명사,
예약,預約,호텔 예약,명사,
옛,舊,옛 친구,관형사,
옛날,從前,먼 옛날,명사,
오,五,숫자,수사·관형사,
오늘,今天,시간,부사/명사,
오다,來,한국에,동사,
오래,久,오래 쓰다,부사,
오래간만,久違,오래간만에 만나다,명사,
오래되다,老舊的,집이 ,형용사,
오랜만,好久不見,오랜만에 만나다,명사,
오랫동안,很長一段時間,오랫동안 사귀다,명사,
오렌지,橙,과일,명사,
오르다,上升,값이,동사,
오른손,右手,왼손,명사,
오른쪽,右邊,왼쪽,명사,
오빠,哥哥,가족,명사,
오십,五十,숫자,수사/관형사,
오월,五月,달(월),명사,
오이,黃瓜,채소,명사,
오전,上午,오후,명사,
오후,下午,오전,명사,
온도,溫度,가 높다,명사,
올라가다,爬上,나무에,동사,
올라오다,上來,산에,동사,
올리다,提高,값을,동사,
올림,敬啟,편지,명사,
올림픽,奧林匹克,올림픽 경기,명사,
올해,今年,시간,명사,
옳다,正確,생각이,형용사,
옷,衣服,을 입다,명사,
옷걸이,衣架,에 걸다,명사,
옷장,衣櫃,에 넣다,명사,
와,哇,"와, 정말 반갑다",감탄사,
와이셔츠,襯衫,를 입다,명사,
완전히,完全地,완전히 끝나다,부사,
왕,王,이 되다,명사,
왜,為什麼,왜 그래?,부사,
왜냐하면,因為，由於,−,부사,
외국,外國,에 가다,명사,
외국어,外語,로 말하다,명사,
외국인,外國人,을 만나다,명사,
외롭다,孤獨,삶이,형용사,
외우다,記,단어를,동사,
외출,外出,을 준비하다,명사,
왼손,左手,오른손,명사,
왼쪽,左邊,오른쪽,명사,
요금,費用,전화 요금,명사,
요리,料理,방법,명사,
요리사,廚師,직업,명사,
요일,星期,시간,명사,
요즘,最近,시간,명사,
우동,烏冬,을 먹다,명사,
우리,我們,우리 가족,대명사,
우리나라,我國,우리나라 사람,명사,
우산,雨傘,을 쓰다,명사,
우선,首先,먼저,부사,
우유,牛奶,를 마시다,명사,
우체국,郵局,에 가다,명사,
우표,郵票,를 붙이다,명사,
운동,健身房,운동 시설,명사,
운동복,運動服,을 입다,명사,
운동장,運動場,을 뛰다,명사,
운동화,運動鞋,를 신다,명사,
운전,駕駛,초보 운전,명사,
운전사,司機,직업,명사,
울다,哭,아기가,동사,
울산,蔚山,도시,명사,
울음,哭泣,을 그치다,명사,
움직이다,移動,몸을,동사,
웃다,笑,활짝 웃다,동사,
웃음,笑,이 나다,명사,
원,圓,천 원,의존명사,
원피스,連衣裙,를 입다,명사,
원하다,希望,도움을 ,동사,
월,月,몇 월,명사/의존명사,
월급,薪水,을 받다,명사,
월요일,星期一,요일,명사,
위,上,아래,명사,
위쪽,向,을 향하다,명사,
위치,位置,를 정하다,명사,
위험,危險,이 닥치다,명사,
유리,玻璃,가 깨지다,명사,
유명,著名,유명 가수,명사,
유월,六月,달(월),명사,
유치원,幼稚園,에 입학하다,명사,
유학,留學,을 가다,명사,
유학생,留學生,유학생 신분,명사,
유행,時尚,을 따르다,명사,
육,六,숫자,수사/관형사,
육교,天橋,를 건너다,명사,
육십,六十,숫자,수사/관형사,
윷놀이,柶戲,를 하다,명사,
은행,銀行,에 입금하다,명사,
음,嗯,"음, 그럴 듯하다",감탄사,
음료,飲料,를 마시다,명사,
음료수,飲料,물,명사,
음식,食物,을 먹다,명사,
음식점,飯店,에서 식사하다,명사,
음악,音樂,을 듣다,명사,
음악가,音樂家,가 연주하다,명사,
응,是的,대답,감탄사,
의미,意義,가 있다,명사,
의사,醫生,치과 의사,명사,
의자,椅子,에 앉다,명사,
이,牙,를 닦다,명사,
이,這,"그, 저 ",대명사/관형사,
이,這,둘 ,수사/관형사,
이거,這,이것,대명사,
이것,這,−,대명사,
이곳,這個地方,장소,대명사,
이기다,贏得,경기에서,동사,
이날,這天,이날 공연,명사,
이다,是,책이다,조사,
이따가,待會兒,이따가 가다,부사,
이때,這個時候,를 놓치다,명사,
이런,這種,이런 일,관형사,
이렇다,如此,결과가,형용사,
이르다,早,빠르다,형용사,
이름,名字,을 묻다,명사,
이마,額頭,신체,명사,
이모,姑媽,친척,명사,
이미,已經,이미 끝나다,부사,
이번,本,이번 주,명사,
이분,這位,그분,대명사,
이불,棉被,을 덮다,명사,
이사,搬家,를 가다,명사,
이삿짐,搬家行李,을 싸다,명사,
이상,以上,한 시간 이상,명사,
이상,異常,이상 기온,명사,
이십,二十,숫자,수사/관형사,
이야기,故事,를 들려주다,명사,
이용,利用,이 많다,명사,
이웃,鄰居,이웃 나라,명사,
이월,二月,달(월),명사,
이유,理由,를 묻다,명사,
이전,以前,이전의 경험,명사,
이제,現在,이제부터,명사/부사,
이쪽,這方面,으로 향하다,대명사,
이틀,兩天,이 지나다,명사,
이해,理解,가 쉽다,명사,
이후,之後,이후의 삶,명사,
익다,成熟,과일이 ,동사,
익숙하다,熟悉,기계에,형용사,
인기,人氣,가 많다,명사,
인도네시아,印尼,나라,명사,
인분,份,삼 인분,의존명사,
인사,問候,아침 인사,명사,
인삼,人參,을 달이다,명사,
인정받다,得到認可,능력을,동사,
인천,仁川,지명,명사,
인터넷,互聯網,에 접속하다,명사,
인형,玩偶,인형 놀이,명사,
일,事,이 쌓이다,명사,
일,一,숫자,수사/관형사,
일,日,삼 일,명사/의존명사,
일곱,七,숫자,수사/관형사,
일기,日記,를 쓰다,명사,
일본,日本,나라,명사,
일부,一部分,일부 지역,명사,
일식,日式食物,음식,명사,
일식집,日式餐廳,에서 먹다,명사,
일어나다,起來,일찍 일어나다,동사,
일어서다,站起,자리에서 ,동사,
일요일,星期日,요일,명사,
일월,日月,달(월),명사,
일주일,一週,이 걸리다,명사,
일찍,早,일찍 일어나다,부사,
일흔,七十,숫자,수사·관형사,
읽다,閱讀,책을,동사,
잃다,失去,물건을,동사,
잃어버리다,失去,물건을 ,동사,
입,口,을 열다,명사,
입구,地鐵,지하철,명사,
입다,穿,옷을,동사,
입술,嘴唇,신체,명사,
입원,住院,입원 환자,명사,
입장권,入場券,을 사다,명사,
입학,入學,대학 입학,명사,
입학시험,入學考試,에 합격하다,명사,
있다,在,집에,동사/형용사,
잊다,忘記,번호를,동사,
잊어버리다,忘記,번호를,동사,
잎,葉,이 떨어지다,명사,
자기소개,自我介紹,를 하다,명사,
자꾸,經常,자꾸 반복하다,부사,
자다,睡覺,잠을,동사,
자동차,汽車,를 운전하다,명사,
자동판매기,自動販賣機,를 누르다,명사,
자라다,生長,나무가,동사,
자랑,自豪,을 하다,명사,
자르다,剪,머리를,동사,
자리,座位,에 앉다,명사,
자세히,詳細,자세히 알다,부사,
자식,子女,을 기르다,명사,
자신,自己,나 자신,명사,
자연,自然,으로 돌아가다,명사/부사,
자유,自由,를 누리다,명사,
자장면,炸醬麵,음식,명사,
자전거,自行車,를 타다,명사,
자주,經常,자주 만나다,부사,
자판기,自動販賣機,커피 자판기,명사,
작년,去年,시간,명사,
작다,小,얼굴이,형용사,
잔,杯 ,커피 잔,명사,
잔치,宴會,생일 잔치,명사,
잘,好,잘 알다,부사,
잘되다,運作良好/順利,일이,동사,
잘못,有很多錯誤,이 많다,부사/명사,
잘못되다,出錯,순서가,동사,
잘못하다,做錯,선택을,동사,
잘생기다,英俊,얼굴이,형용사,
잘하다,擅長,외국어를,동사,
잠,睡,을 자다,명사,
잠깐,請稍等,잠깐 기다리다,부사/명사,
잠시,暫時,잠시 기다리다,부사/명사,
잠자다,睡覺,새근새근 잠자다,동사,
잡다,握,손을,동사,
잡수시다,吃,진지를,동사,
잡지,雜誌,를 보다,명사,
잡채,雜菜,음식,명사,
장,張,한 장,의존명사,
장갑,手套,을 끼다,명사,
장난감,玩具,을 가지고 놀다,명사,
장마,梅雨,가 오다,명사,
장미,玫瑰,꽃,명사,
장소,場所,를 정하다,명사,
재료,材 料,를 준비하다,명사,
재미,趣味,가 있다,명사,
재미없다,無趣,이야기가,형용사,
재미있다,有趣,이야기가,형용사,
재채기,打噴嚏,가 나오다,명사,
저,我,사람(1인칭),대명사,
저,那,이도 저도,대명사/관형사,
저,喂,"저, 있잖아요.",감탄사,
저거,那個,저것,대명사,
저것,那個,−,대명사,
저곳,那邊,장소,대명사,
저금,儲蓄,을 하다,명사,
저기,那裡,장소,대명사,
저녁,傍晚,이 되다,명사,
저런,那樣的,그런,관형사,
저렇다,那樣的,−,형용사,
저번,上次,저번 주,명사,
저분,那位,이분,대명사,
저쪽,那一邊,방향,대명사,
저희,我們,저희 회사,대명사,
적다,寫,이름을,동사,
적다,少,양이,형용사,
적당하다,價格適中,가격이 ,형용사,
전,全,전 세계,관형사,
전,前,오래 전,명사/관형사,
전공,主修,을 결정하다,명사,
전기,電力,가 끊기다,명사,
전부,全部,전부 모이다,명사/부사,
전철,地鐵,을 타다,명사,
전체,全部,전체 국민,명사,
전하다,傳達,편지를,동사,
전혀,完全不,전혀 모르다,부사,
전화,電話,를 걸다,명사,
전화기,電話機,가 울리다,명사,
전화번호,電話號碼,를 묻다,명사,
젊다,年輕,나이가,형용사,
점수,分數,가 높다,명사,
점심,午餐,에 만나다,명사,
점심때,午餐時間,가 되다,명사,
점심시간,午餐時間,이 되다,명사,
점점,漸漸,점점 추워지다,부사,
접다,摺,종이를,동사,
접시,盤,에 담다,명사,
젓가락,筷子,을 쓰다,명사,
정거장,車站,버스 정거장,명사,
정도,程度,어느 정도,명사,
정류장,公車站,버스 정류장,명사,
정리,整理,책상 정리,명사,
정말,真的,정말 좋다,명사/부사,
정문,正門,으로 다니다,명사,
정신없이,忙碌地,정신없이 일하다,부사,
정원,庭園,을 가꾸다,명사,
정하다,決定,약속을 ,동사,
정형외과,骨科,에서 치료하다,명사,
정확,精確,발음이,명사,
젖다,變濕,옷이 ,동사,
제,我,사람(1인칭),대명사,
제목,標題,을 짓다,명사,
제일,最,제일 좋아하다,명사/부사,
제주도,濟州島,지명,명사,
조금,一點,조금 먹다,명사/부사,
조금씩,一點點,조금씩 가다,부사,
조심,小心,운전 조심,명사,
조용하다,安靜,집이 ,형용사,
조용히,安靜地,조용히 말하다,부사,
조카,姪子,가족,명사,
졸다,打盹,깜빡 졸다,동사,
졸업,畢業,입학,명사,
좀,稍微,좀 비싸다,부사,
좁다,狹窄,방이,형용사,
종류,種類,가 다양하다,명사,
종업원,服務員,직업,명사,
종이,紙,에 쓰다,명사,
좋다,好,날씨가,형용사,
좋아하다,喜歡,꽃을,동사,
죄송하다,抱歉,마음이,형용사,
주,週,이번 주 ,의존명사/명사,
주다,給,선물을 ,동사,
주로,主要,주로 말하다,부사,
주말,週末,을 보내다,명사,
주머니,口袋,에 넣다,명사,
주무시다,睡覺,잠을,동사,
주문,訂單,을 받다,명사,
주변,周邊,주변 환경,명사,
주부,家庭主婦,로 살다,명사,
주사,注射,를 맞다,명사,
주소,地址,를 적다,명사,
주스,果汁,를 마시다,명사,
주위,周圍,눈 주위,명사,
주인,店主,가게 주인,명사,
주일,禮拜,이번 주일,명사/의존명사,
주차,停車,주차 위반,명사,
주차장,停車場,에 세우다,명사,
주황색,橙色,색깔,명사,
죽다,死,사람이,동사,
준비,準備,출근 준비,명사,
줄,繩,을 감다,명사,
줄다,縮小,크기가 ,동사,
줄이다,調低音量,소리를,동사,
줍다,撿,쓰레기를,동사,
중,中,회의 중,의존명사,
중간,中間,집과 학교의 중간,명사,
중국,中國,나라 ,명사,
중국집,中菜館,에 주문하다,명사,
중심,中心,서울의 중심,명사,
중앙,中央,무대 중앙,명사,
중요,重要,중요 자료,명사,
중학교,初中,에 입학하다,명사,
중학생,中學生,이 되다,명사,
즐거워하다,快樂,매우 즐거워하다,동사,
즐겁다,快樂,마음이,형용사,
즐기다,享受... 的樂趣,휴가를 ,동사,
지각,遲到,을 하다,명사,
지갑,錢包,에 넣다,명사,
지금,現在,지금부터 ,명사/부사,
지나가다,流逝,시간이,동사,
지나다,經過,시간이,동사,
지난달,上個月,시간,명사,
지난번,上次,시간,명사,
지난주,上週,시간,명사,
지난해,去年,시간,명사,
지내다,過,잘 지내다,동사,
지다,輸,경기에서,동사,
지도,地圖,를 보다,명사,
지루하다,無聊,수업이,형용사,
지르다,叫喊,소리를,동사,
지방,地方,남쪽 지방,명사,
지우개,橡皮擦,로 지우다,명사,
지우다,擦拭,지우개로,동사,
지키다,保護,나라를,동사,
지하,地下,로 내려가다,명사,
지하도,地下道,를 건너다,명사,
지하철,地下鐵,을 타다,명사,
지하철역,地鐵站,에 도착하다,명사,
직업,職業,을 구하다,명사,
직원,職員,을 모집하다,명사,
직장,職場,에 다니다,명사,
직접,直接,직접 만나다,명사/부사,
진짜,真的,진짜 괜찮다,명사/부사,
진하다,濃,안개가,형용사,
질문,問題,에 답하다,명사,
짐,行李,을 싸다,명사,
집,家,에 살다,명사,
집들이,喬遷之喜,에 초대하다,명사,
집안일,家務,을 보다,명사,
짓다,建造,집을,동사,
짜다,鹹,맛이,형용사,
짜증,惱人,을 내다,명사,
짝,配,을 맞추다,명사,
짧다,短,다리가,형용사,
짬뽕,炒碼麵,음식,명사,
쪽,方/邊,방향,의존명사,
찌개,鍋,를 끓이다,명사,
찌다,發胖,살이,동사,
찌다,蒸,감자를,동사,
찍다,蓋,도장을,동사,
차,汽車,자동차,명사,
차,茶,를 마시다,명사,
차갑다,冷,물이,형용사,
차다,充滿,공간이,동사,
차다,踢,공을,동사,
차다,戴上,시계를,동사,
차다,冰冷,바람이,형용사,
차례,順序,지키다,명사,
착하다,善良,마음이,형용사,
찬물,冷水,을 마시다,명사,
참,很,참 좋다,부사,
참다,忍住,기침을,동사,
참외,香瓜,과일,명사,
창문,窗,을 열다,명사,
찾다,尋找,지갑을,동사,
찾아가다,去找,교실로,동사,
찾아보다,找找看,수첩을,동사,
찾아오다,来找,손님이,동사,
채소,蔬菜,를 먹다,명사,
책,書,을 읽다,명사,
책상,桌子,가구,명사,
책장,書櫃,가구,명사,
처음,最初,처음 시작하다,명사,
천,仟,숫자,수사·관형사,
천만,千萬,숫자,수사·관형사/명사/부사,
천천히,慢慢地,천천히 가다,부사,
첫,初,첫 만남,관형사,
첫날,第一天,새해 첫날,명사,
첫째,第一,첫째 시간,수사·관형사/명사,
청년,青年,젊은 청년,명사,
청바지,牛仔褲,를 입다,명사,
청소,清潔,화장실 청소,명사,
청소년,青少年,청소년 시절,명사,
체육관,體育館,실내 체육관,명사,
체크무늬,格紋,체크무늬 남방,명사,
쳐다보다,望,하늘을,동사,
초,初,초기,의존명사,
초,秒,시간,의존명사,
초대,邀請,를 하다,명사,
초대장,請柬,을 보내다,명사,
초등학교,小學,에 입학하다,명사,
초등학생,小學生,이 되다,명사,
초록색,綠色,색깔,명사,
초콜릿,巧克力,을 먹다,명사,
최고,最高,최고 점수,명사,
최근,最近,에 들다,명사,
추다,跳舞,춤을,동사,
추석,中秋節,명절,명사,
축구,足球,운동,명사,
축구공,足球,을 차다,명사,
축하,祝賀,축하 파티,명사,
출구,出口,로 나가다,명사,
출근,上班,퇴근,명사,
출발,出發,도착,명사,
출석,出席,을 부르다,명사,
출입,出入,을 통제하다,명사,
출입국,出入國,출입국 사무소,명사,
출장,出差,을 가다,명사,
출퇴근,通勤,을 하다,명사,
춤,舞蹈,을 추다,명사,
춤추다,跳（舞）,가수들이,동사,
춥다,冷,날씨가,형용사,
충분하다,足夠,시간이,형용사,
취미,愛好,취미 생활,명사,
취소,取消,예약 취소,명사,
취직,就業,이 되다,명사,
층,層,10층 건물,명사,
치과,牙科,병원,명사,
치다,敲,책상을,동사,
치료,治療,를 받다,명사,
치마,裙子,를 입다,명사,
치약,牙膏,을 짜다,명사,
치킨,炸雞,음식,명사,
친구,朋友,를 만나다,명사,
친절,親切,로 대하다,명사,
친척,親戚,이 모이다,명사,
친하다,親近,친구와,형용사,
칠,七,숫자,수사/관형사,
칠십,七十,숫자,수사/관형사,
칠월,七月,달(월),명사,
칠판,黑板,에 쓰다,명사,
침대,床,가구,명사,
침실,臥室,에서 자다,명사,
칫솔,牙刷,로 이를 닦다,명사,
칭찬,讚美,을 듣다,명사,
카드,卡,를 쓰다,명사,
카레,咖喱,음식,명사,
카메라,照相機,로 찍다,명사,
카페,咖啡館,에서 만나다,명사,
칼,刀,로 자르다,명사,
칼국수,刀削麵,음식,명사,
캐나다,加拿大,나라,명사,
커피,咖啡,를 마시다,명사,
커피숍,咖啡店,에서 만나다,명사,
컴퓨터,電腦,컴퓨터 게임,명사,
컵,杯,을 닦다,명사,
케이크,蛋糕,를 먹다,명사,
켜다,開,불을,동사,
켜다,拉,바이올린을,동사,
켤레,雙,한 켤레,의존명사,
코,高鼻子,가 높다,명사,
코끼리,大象,동물,명사,
콘서트,音樂會,를 보다,명사,
콜라,可樂,를 마시다,명사,
콧물,鼻涕,이 나오다,명사,
콩,大豆,식물,명사,
크기,大小,가 크다,명사,
크다,大,크기가 ,형용사/동사,
크리스마스,聖誕節,크리스마스 트리,명사,
큰소리,大聲,가 들리다,명사,
키,身高,키가 큰 사람,명사,
키우다,養,강아지를,동사,
킬로그램,公斤,단위,의존명사,
킬로미터,千米，公里,단위,의존명사,
타다,燃燒,불에,동사,
타다,乘坐,차에,동사,
타다,沖,커피를,동사,
탁구,乒乓球,를 치다,명사,
탕수육,糖醋肉,음식,명사,
태국,泰國,나라,명사,
태권도,跆拳道,를 배우다,명사,
태극기,太極旗,를 달다,명사,
태도,態度,가 좋다,명사,
태어나다,出生,아이가,동사,
태풍,颱風,이 불다,명사,
택배,宅配,로 보내다,명사,
택시,出租車,를 타다,명사,
터미널,終點站,에서 내리다,명사,
테니스,網球,를 치다,명사,
테니스장,網球場,에서 연습핟,명사,
테이블,桌子,에 놓다,명사,
텔레비전,電視,을 보다,명사,
토끼,兔子,동물,명사,
토마토,番茄,채소,명사,
토요일,星期六,요일,명사,
통장,銀行帳戶,을 만들다,명사,
통화,通話,전화 통화,명사,
퇴근,下班,출근,명사,
퇴원,出院,퇴원 수속,명사,
튀기다,油炸,기름에,동사,
튀김,油炸食品,을 먹다,명사,
트럭,卡車,을 타다,명사,
특별하다,特別,관심이,형용사,
특별히,特別地,특별히 좋아하다,부사,
특히,特別,특히 좋아하다,부사,
튼튼하다,健壯/結實,몸이,형용사,
틀다,開,텔레비전을,동사,
틀리다,錯誤,답이,동사,
티셔츠,T恤,를 입다,명사,
팀,隊,을 이루다,명사,
파란색,藍色,색깔,명사,
파랗다,藍色,하늘이,형용사,
파티,派對,를 열다,명사,
팔,手臂,신체,명사,
팔,八,숫자,수사/관형사,
팔다,賣,책을,동사,
팔리다,賣出,물건이,동사,
팔십,八十,숫자,수사/관형사,
팔월,八月,달(월),명사,
펴다,打開,책을,동사,
편리,便利,고객의 편리,명사,
편안,平安,을 바라다,명사,
편의점,便利商店,에서 사다,명사,
편지,信,를 쓰다,명사,
편찮다,不舒服,할아버지께서,형용사,
편하다,舒適,마음이,형용사,
평소,平常,와 같다,명사,
평일,平日,주말,명사,
포도,葡萄,과일,명사,
포장,包裝,선물 포장,명사,
표,票,를 끊다,명사,
푸르다,綠色,나무가,형용사,
푹,深深地,푹 자다,부사,
풀다,鬆開,나사를,동사,
풍경,風景,을 보다,명사,
프라이팬,平底鍋,에 볶다,명사,
프랑스,法國,나라,명사,
프로그램,節目,교육 프로그램,명사,
피,血,를 흘리다,명사,
피곤,疲勞,에 지치다,명사,
피다,開花,꽃이,동사,
피아노,鋼琴,를 치다,명사,
피우다,開花,꽃을,동사,
피자,披薩,를 주문하다,명사,
필요,需要,를 충족하다,명사,
필통,筆筒,에 넣다,명사,
하나,一,숫자,수사/명사,
하늘,天空,이 높다,명사,
하늘색,天藍,색깔,명사,
하다,運動,운동을,동사,
-하다,做,건강하다,접사,
하루,一天,를 보내다,명사,
하숙비,寄宿費,를 내다,명사,
하숙집,寄宿家庭,에 묵다,명사,
하얀색,白色,색깔,명사,
하얗다,白色,눈이,형용사,
하지만,但是,−,부사,
학교,學校,에 다니다,명사,
학기,學期,가 시작되다,명사,
학년,學年,새 학년,명사,
학생,學生,을 가르치다,명사,
학생증,學生證,을 제시하다,명사,
학원,補習班,영어 학원,명사,
한,一,한 명,관형사,
한가하다,閒暇,마음이,형용사,
한강,漢江,지명,명사,
한국,韓國,나라,명사,
한글,韓文,을 쓰다,명사,
한두,一兩個,한두 명,관형사,
한번,一次,한번 해 보다,명사/부사,
한복,韓服,을 입다,명사,
한식,韓食,을 먹다,명사,
한식집,韓式餐廳,음식점,명사,
한옥,韓屋,에 살다,명사,
한잔,一杯,한잔 마시다,명사,
한턱,請客,을 내다,명사,
할머니,奶奶,가족,명사,
할아버지,（外）祖父,가족,명사,
할인,折扣,할인 가격,명사,
함께,一起,함께 놀다,부사,
항공,航空,항공 운항,명사,
항공권,機票,을 예약하다,명사,
항상,總是,항상 같다,부사,
해,太陽,가 뜨다,명사/의존명사,
해마다,每年,해마다 만나다,부사,
해외,海外,에 수출하다,명사,
해외여행,海外旅遊,을 가다,명사,
햄버거,漢堡包,를 먹다,명사,
햇빛,陽光,이 비치다,명사,
행동,行動,에 옮기다,명사,
행복,幸福,을 빌다,명사,
행사,活動,에 참여하다,명사,
허리,腰,신체,명사,
헤어지다,離別,친구와,동사,
헬스클럽,健身房,에서 운동하다,명사,
혀,舌,신체,명사,
현금,現金,을 인출하다,명사,
현재,目前,현재 하는 일,명사/부사,
형,兄,가족,명사,
형제,兄弟,아들 삼 형제,명사,
호,號,사월 호 잡지,의존명사,
호랑이,老虎,동물,명사,
호수,湖泊,가 맑다,명사,
호텔,酒店,에 묵다,명사,
혹시,或許,만일,부사,
혼자,獨自,살다,부사/명사,
홍차,紅茶,를 마시다,명사,
화,怒,가 나다,명사,
화가,畫家,직업,명사,
화나다,生氣,친구가,동사,
화내다,生氣,친구에게,동사,
화려하다,華麗,보석이,형용사,
화요일,星期二,요일,명사,
화장실,衛生間,에 가다,명사,
화장품,化妝品,을 바르다,명사,
환영,歡迎,을 받다,명사,
환자,病人,을 돌보다,명사,
환전,換錢,달러 환전,명사,
활발히,活躍地,활발히 활동하다,부사,
회,次,여러 회,의존명사,
회사,公司,에 다니다,명사,
회사원,公司職員,직업,명사,
회색,灰色,색깔,명사,
회원,會員,을 모집하다,명사,
회의,會議,가 열리다,명사,
횡단보도,人行道,를 건너다,명사,
후,後,오 분 후,명사,
후배,晚輩,영화계 후배,명사,
훌륭하다,優秀,작품이,형용사,
훨씬,更,훨씬 많다,부사,
휴가,假期,를 가다,명사,
휴게실,休息室,에서 쉬다,명사,
휴대폰,手機,으로 전화하다,명사,
휴일,假期,에 쉬다,명사,
휴지,衛生紙,를 줍다,명사,
휴지통,垃圾桶,에 버리다,명사,
흐르다,流,물이,동사,
흐리다,陰沉,공기가,형용사,
흔들다,揮,손을,동사,
흘리다,流,눈물을,동사,
희망,希望,희망 사항,명사,
흰색,白色,색깔,명사,
힘,力量,이 세다,명사,
힘들다,累,일이,형용사,